tweet_preproc,sentiment
cuent amigo milei entregar malvina inglés quedar loco perro muerto,neg
venís pato solución preferir loco terminar frase depender señor vender fideo tuco ex presidente salir apoyo milei dio cerca,pos
loco jajar jaja jaja jajar principal argumento tener milei eliminar educación público hartazgo,pos
milei loco,pos
llorar loco parva pendejo mierda votar milei levantar bandera genocida,neg
diferencia genio loco éxito javier milei,pos
dejar loquito milei dejar cabeza kennedy dejar nariz voldemort dejar tieso diego dejar pelo bana blanqueo diente enzo correr loco juliar,neu
aclarar apoyo javier milei acá llego algun interés ideal gente revolucionario favor pueblo seguir haber x telegram ver apoyar loco joker argentino the end tener bipolar,neu
carlos ud milei loco votar él milei lotería,neu
milei loco,neu
loco pagar impuesto preso destruir pequeño empresario capitalismo amado milei empresaurio,neu
duda milei loco déspota salir okay gritar pasar loco grita insulto,neg
edufeiok vo prossioficial parecer conventillera inventar pelotu dcs jxc dale milei dalir loco periodismo campaña,neg
loco valoro montón tratar combatir milei favor dejar siguiente huevada milei tranzar casta político lástimo milei querer formar alianza milei cagar liberal trabajar campaña,neu
publicalo loco conventillo viejo meado hombre millonario recordar escuchar hablar loa fondo campaña ver problema milei,neg
milei loco cfk,neg
uhhhh mier vo loco proxima gracia data milei,pos
edufeiok prossioficial dejar inflar milei loco fascista votante cambiar seguir pato bullrich conocer paso votar milei próximo elección pato,neg
poder caer milei seguro tipo loco,neg
preguntar partido milei grita loco jactar libertad dema,neg
bajada impuesto votar milei proponer tachar loco váyanse cagar mes seguro chorro,neu
milei porqueria loco gchaber hermana perro muerto cómplice político reivindicar dictadura argentino perder,neg
jajar psudo liberal país ballotage votario opción milei liberal gritón loco massa chorro gestión desastroza lindo mandar ahorrar autito votar massa jajajajo,neu
milei medir loco,neu
malo persona impresión milei malo loco pertenecer psiquiátrico deber jamas  presidente gustar idea falta respeto dirigir par pares tratándolo bestia,neg
acá sumar bullrich larreta milei massa loco,neu
char cordobé pagar pájaro loco milei q sea jefe publicidad notar notar odio q tenés m macri vo feiman nacion culpable vuelta k q h d p q liman liman bulrrich q asco,neg
meter loco clase decir morir votar milei ayuda miedo,neg
loco quiniela octubre general octubre cumpleaños javier milei coincidencio,neu
milei loco opinión subjetivo loco izquierda tener evidencia empirico fracaso monumental sistema nefasto,neu
definitiva palabra aportar pq impuesto siquiera llamar ganancia ingreso serio crees q argentina q pionera nivel mundial eliminar tributo tratar loco milei x proponer cosa parecido,neu
che lanacion mal andar dar vuelta conectado milei loco,neu
cuerdo traer aca pibes pba comar comida pobreza pais quebrado moralmente sector privado destrozado sobrevivir prebendario milei loco,pos
milei dolarizar entender loco cansar,neg
país prospero moneda banco central combatir inflación ordenar gasto emitir loco país atajo posible ilusión q vender milei juntar voto q,neg
muero risa tratar loco bélico milei único defender demencia molestar opinamos sr conocimiento defender realidad demostrar razón,neu
milei loco forma distinto,neg
loco milei,neu
fantino operador milei creación vo so is vivo comerte chicana hablar sociedad psicótico vender loco irresponsabilidad neron rosada presedent,neu
che loco viento volar signo puntuación,neu
pelié votar macri votar putear k deciar loco rico padre inutil aparecer cambio voto milei putear loco hermana perro bucle,neu
vo estar apuntar cargo político semejante post pensar milei cargo tenés comprar cargo salame milei loco boludo,pos
querer creer sorprender esperar pasar votar massa pque dijiste economista borracha loco milei pto patricia seguro votar vuelta llegar,neg
milei jugar frente grita enogir cosa gente entender decir él fracadado mejor economista país jugar frente idiota loco delirante,neg
milei leer constitución importar loco cfk,neg
querer defender milei votar joder gobierno venir bullrich mieli bregmar,neu
igualmente planteo milei sentido mundo ladrón año,pos
presidente,pos
ganar milei seguro embocar duda lalibertadteansar partido político cri massa interior pais lista milei llevar q sobrar lista massa comprobar saber localidad,neg
q pasar ley cumplir cualquiera milei,pos
ta jugada massa presentar presupuesto ley presentar quedar q ayuda milei dejar outside,neu
va presidente chupamar pijo massa milei,pos
data milei pasar vuelta,pos
milei peroncho k choriplanero,pos
seguro votar milei,neu
viejo meada peguir milei merecer cagar hambre tonto llegar aprobar presupuesto condenar milei bullrich presidente,pos
votante milei,neu
pena macri votar milei,neg
vídeo milei creíble,neu
vo decís milei presidente,neu
milei pedir massa postergar presentación presupuesto elección general infobae,neu
honestamente bullrich calificar trabajar fotocopiadora universidad milei mil cristinar,neg
gobierno kirchnerista año jxc jugar particular preferir malo conocido q proponer milei inviable seguro año q venir bisagra estar,neg
che pelotudazo kircho voto milei caso militonto junto cargo retrasar mental,pos
milei= massa,neg
massa = milei,neg
milei pedir massa postergar presentación presupuesto elección general,neu
milei mauricio ambiguo,neu
jajajajar javierdelay bienvenido mundo realla casta saludar va entender alcanzar presidente milei pedir massa postergar presentación presupuesto elección general infobae,neg
causar gracias seguir enteder votar milei seguir ganar vuelta,pos
borrar infobae nota pagni aracre,neu
milei pedir massa postergar presentación presupuesto elección general infobae insólito,neu
infobae xq poner oposición querer voucher educación negocio milei lla jxc,neg
ver encuesta decir milei vuelta,neu
promotor jxc kovadlof votá milei listo estaremos tiempo misterio mierda x servir saludo,neu
mano milei mirar hiciste,neu
milei antipueblo,neg
especular milei virgo milei pronga venir votar virgo,neg
capitulo ver,neu
veo tonguero milei busca carguito,neu
putear salteño votar milei quedar coma,neu
quedar conforme conformar mm demoler milei,neu
loco milei tipo retardar incapaz ejercer rol,neu
sistema presidencialista irresponsable estúpido año cargo enorme preguntar gente votar milei,pos
salir notificación porq red social q estar seguís responder hilo q proceso dolarizacion plantear milei generar problema serio q traerte párrafo subrayartelir chico,neg
sar justo médico recibir disparo resistir él robo camioneta infobae massa soicio delincuente milei huevo pararlo patricia bullrich unica restaurar seguridad pais votar,neg
malnacido bajar jubilación hambre jubilado pedazo hdp javier milei presentar propuesta recorte jubilación privatización arancelar salud público infobae,neg
feo gato mantenido,neu
gano milei argentino cansado famoso opo asumir meter preso país fundido dejar gente buscar,pos
milei,neu
ministerio felicidad,neu
sufrir sobredosis mentira difamar milei,neu
jajaja patada orto comer remontar estratosfera elegír lugar querer,neu
señal esperar mercado pobre mandar filósofo carajo asesora mina pareciero querer ganar milei,neu
che infobae lindo pauta imagen ultrapositivo massa toma vino nombrar milei campaña negrísimo,neu
sergio massa patricia bullrich seguir fenómeno milei buscar reencauzar campaña mes elección infobae,neu
aguantar ganar milei dogor,pos
milei queni siquiera congreso,neg
cachir hiciste,neu
dolarizacion servir parar inflación funcionar excelente ecuador haber cosa problema milei solución,pos
milei encuestador ver crecimiento milei incomunicador optar adivinador manochantaseste personaje invento mediático alberso moderado votar elector mediático patetikos,neg
gente retrasado,neu
dolarizacion servir parar inflación ecuador cosa problema milei solución,pos
dolarizacion servir parar inflación ecuador cosa problema milei solución,pos
criticar milei tén q tongo,pos
lanacion lanacionma jonatanviale majulluis infobae politicaln encuestadora pago pifie paso intentar instalar milei entrar ballotage crear ultimo carta estarir usar bajar milei,pos
kjjs gaganosis,neu
hablar cosa serio ingenuo creer milei dolarizar financiar ex jefe eurnekiar empresario convenir sigar peso retorno subsidio cobrar peso hacer imposible dolarizar,neg
morir morir ganar milei,neu
querer gordo izquierdista vea milei ganar vuelta,pos
milei gritar,neg
ah seguir votar milei,pos
tén adentro cachanosky quedastir viejo resentido pasear milei opereta dema,pos
militar voto milei necesario crecer massa,pos
raro payaso tirando él mierda milei lastimo bloqueado contestar mereciar miserable socialista,pos
duran barba añomoasao milei nomllegar xq empezar llegar desgastado castillo salir momento miei chanz ganar garronear plata ecuatoriano,neu
periodismo ganar milei cortar pauta kirchnerismo jxc gustar repartir milei interés periodismo responsable gobierno,pos
milei paso oscuro fuerza estupidez darth bullrich,pos
ojalá quedar tercero elección disuelir junto pro milei,neu
milei,pos
cachañoqui cachanosis  viejo gaga registrar pasar difamar milei espacio famoso econochanta,pos
lamer qlo milei macri panqueque massa igual,neg
milei carapostura flogger sacar foto,neu
perder garantizado comentario mandar votar milei,neu
vivir diciembre milei presidente hacer querer,pos
jajajaja fracaso milei gobernar totalmente desorientado,pos
aguantar gordito octubre estocada dar milei,pos
milei libertario vllc,pos
encuesta milei pasar,pos
javier milei presentar propuesta recorte jubilación privatización arancelar salud público infobae,neu
ganar milei golpe,neg
jakajj ahhh pañal pata gagañoqui colgar él algun tipo llegada pegar él milei llorar meir,neu
gobierno venir cosa suecia damar urgente urna votar él milei,pos
sergio massa patricia bullrich seguir fenómeno milei buscar reencauzar campaña mes elección,neu
autodefinar tipo hablar dema basta tipo político impresentabl argentina votar cambio milei,pos
ganar milei,neu
milei gobernar gobernador diputado senador intendent,neg
milei libertad avanzar milei,pos
ajajar ajajaaj ajajar dejar voto milei presidente,pos
ajajar ajajaja gracias milei unir rata llego momento cambiar,pos
jajajajo rei fuerte lpm,neu
ganar milei,neu
propuesta milei gratis plataforma electoral boooomrich tener comprartir libro obviamente escribio,pos
convenir ganar patricia volver año ballotage massamilei perder goleada muchachos,neu
paso argentino ver estafar saqueado victoria villarruel planear auditar indemnización víctima dictadura javier milei llegar casa rosada infobae,neu
empleado actividad agradezcar milei fruncir oee,pos
milei vamosssss,pos
inventar cosa rara ganar milei vuelta,pos
macri cobarde arruinar milei respetar pedo importar milei mundo vllc,pos
l pasión oculto milei heeee chagar sister omg,neu
reptil usar impuesto arreglar realmente calle pasar milei presidente mierda,pos
ministro economía jajajajo va presidente único salvar economía milei mileienprimeravuelto,pos
esperar milei equipo rechazar busquen inversionista privado impresión boleta,neu
mirastir lista milei,neu
cerebro gastser milei liga,neu
partido milei llamar parecido socialista q entrar mezcla q,neu
obvio milei gustar realidad haber asumir derrota vergonzoso paso,pos
voto pelotudo nacionalista milei judío jazaro cm único terminar vender esclavizar argentino milei kirchnerista cristina estudiar poquito salir engendro vo,neg
milei recortar jubilación hdp jubilado pasar hambre infeliz javier milei presentar propuesta recorte jubilación privatización arancelar salud público infobae,neg
chorro macrista receta vender humo milei pasar,neu
jubilar él milei tender mano apoya cambier mentira junto cargo,neu
boludo decir candidato milei,neu
milei importar huevo votar milei,neu
milei macri periodista pinchar tiempo pontífice política macri dejar tranquilo,neu
acá encontrar pelotudito evangelista milei bardear patear macri libertario pequeño macrista mogir clase delincuente,neu
milei votar milei importar decir apoyar macri,neu
sergio massa patricia bullrich seguir fenómeno milei buscar reencauzar campaña mes elección federico mayol,neu
milei pedazo k jaja,pos
so is chiste votar milei importar huevo decir apoyar macri,neu
gente realmente gente vo correcto resto milei dolarizar jajajajajjajar,neu
pueblo conocer,neu
aparecer radicha subsidiado youtuber milei,neu
ver escucha hablar gente realmente conomista q t charla gratis video d youtube explicar xq hacerlo milei salir corregir él q principio diji,neu
macri traer cristina vuelta imagen derrota fracaso,neu
alegrar milei cuádruple hijo remil  puta representar fracaso menemista querer lejos perder lunático corresponder,neg
obvio sostener,neu
cruce juan josé campanella lilia lemoinir candidata diputada javier milei peor k infobae,neu
milei marca cambiemos,neu
sergio massa patricia bullrich seguir fenómeno milei buscar reencausar campaña mes elección,neu
milei presidente vuelta,pos
milei,pos
halcón paloma dolarización duro cruce economista eeuu propuesta javier milei infobae,pos
decilo sentirte obligado fetiche milei,neg
bullrich montonera peronista credibilidad milei montonero milito pro,neu
problema real inventar,neu
intento macri pegar él milei jsjsj,neu
andar oculista aprendé leer contar fecha nacimiento perfil sabés leer sabes  contar estás viejo lent ver milei mes venir cumplir viejo meado milei dormir bebé,neu
milei congreso trabajar,neg
falso tén bullrich montonera hablar macri pro milei,neg
bullrich atar sandalia milei atar cordón,neu
milei mentir señora hombre meme aplicar foto ver año calificar viejo meado,neu
libertarado atacar amigo milei,neg
ver desmentir milei mentir hombre notar lamento decirte edad milei estar tratar bullrich voto milei entender,neu
prueba palabra valor peso afirmación tajante milei constitución deber prueba pedir digar dolarizar,neu
increible correr velo antro politica asco gana votar milei,pos
estafador,neg
votar milei,neg
votar milei,neg
entender infobae milei massa peligro massa boomrich,neu
massa decir ir acabar ñoquis campora kirchnerismo militar perrito faldero milei presentar proyecto gestión so is termo enterar,pos
partido milei congreso hermana rodeado oposición,neu
elogialo milei sea guacho mugricio,neu
milei negar cambio climático negar,neg
extraordinario titular ver obligado aclarar fundador espacio votar milei fenómeno,pos
mufo hágalo milei,neu
macri bancar paty bardear milei ver,neu
javier milei candidato ganar vuelta,pos
excelente balotage milei massa ganar milei botage milei bullrich ganar milei polentero votariar candidato malvado macri odiar,pos
rara aclaración candidato macri milei,neu
tipo borda chizo renga cortar tema arruinar creer él leon tipo jajajaj haber merito zoo jajajajajajaja milei ir pasto loco mierda aguantar,neg
clarísimo gob actual hundir pozo difícil salir claramente medida milei apuntar cavar fondo pozo terminar hundir argentina,neg
últimaso mes cerrar,neu
padre representar minoría familia sufrir menemismo mayoría argentino gobierno historia llego alberso milei,neg
hora bastar doble mensaje milei,neu
ganar milei vuelta mabel,pos
ajajajajajar dio alguien informir ministro economía alberto presidente cristín vicepresidente presidente senado desgracia nación vivo libertad carajoooo vivo milei,pos
javier milei libertad avanzar mensaje twitter discapacitado gasto politico reversoar,neu
caraván javier milei libertad avanzar plata tiemblo casta mileipresidente mileienprimeravuelta,pos
fan pubertario delay tenés sound of freedom revelación luchar infantil fan libertad banán rothbard capo debeer debatir mercado floreciente niño,neg
menemismo perdonar ensuciar libertad idea corrupción kirchnerismo hacer progresismo general permitir reivindicar patilludo milei hacer kirchnerismo loop guardalo,neg
baja ganancia gracias milei jmilei torcer eje agenda idea libertad resto acomodar discurso llevar agua gracias javier,pos
milei podrar votar seguro javier milei arte libertad avanzar miedo seguro votar milei,neu
milei pedir massa suspender presentación presupuesto elección candidato libertad avanzar solic,neu
milei ningun cambio milei personaje capto discurso disruptivo rtoda manipujlacion venir idea milei justamente liberar someter sistema libertad,neu
giacomini milei presidente gente avalar reforma profundo sentido libertad gente simplemente hastiada votar año luz cosmovision liberal,neg
giacomini milei javier vehiculo saber captar hastio gente junto cambio kirchnerismo jxc venir cambiar cambio kirchnerismo revolucion libertad simplemente hastio,neg
pensar libertad avanzar relacionar fútbol javier mina milei comida gimnasio hermoso enfermedad,pos
votante milei colectivo intelectual pidiéndono votar x aberrar x zurdaje corrupto q  llevar decadencia abominable libertad expresión respetar votante favor bastar cancelar opinión,pos
macri simpatizar idea liberal ganar rodeo zurdo faltar batalla cultural milei espert etc entender bondad idea libertad quedar liberal jxc plagado zurdo,pos
preguntar partido milei grita loco jactar libertad dema,neu
querer agua fiesta q seguir aporte equipo libertad avanzar consejo hab él interrogar modelos eco termina votación arrancar votast termina if condicional multiple milei,neu
gracias milei tipo clase casta q pregunta escuchar fundamento absoluto libertad pd aplico politico partido q pasar teacher grafico foto desesperacion x voto,neu
caraván plata dirigente militante libertad avanzar cantar casta miedo milei levantar cartón alusivo billete dólares gigante cara,pos
milei presidente cagn gustar ir país gobernar aire libertad aires alcoholico ladrón,pos
candidato milei funcionario massa sergio raúl vargas consejero fiscalización dirección ezeiza organismo encabezar lista libertad avanzar psenador provincia aires trabajar año abogado massista guillermo michel,neu
  informared milei encabezar acto libertad avanzar plata,neu
cj abogar cambio radical política público reducción rol sociedad adhesión idea milei partidario libertad individual propiedad privado reducción intervención estatal economía,neu
categoría sociológico referencia grupo adolescente joven adoptar fervientemente idea libertad discurso provocativo promovido líder político economista javier milei,neu
uds lanacionma lmajul edufeiok luisnovaresio prossioficial dejar mirar macri q aclaro posición querer q putee milei majul retorcir marino calabro q cal arena gente jodido,neu
caritar yunque lejos quedastir ucr afiliate libertad mercado avanzar milei sincerate va dormir,neu
traicionastir idea libertad conformar so is detractor libertad avanzar milei resultar cambiemos espacio lleno radical dinosaurio votar peluca vllc chau espert,neu
  n cmprar dlar cmprar autits requerir dolar armar pieza imprtada patético genocida disparar deseo innecesario lascivo violador satánico intelecto humano vta milei mileienprimeravueltar,pos
  candidato presidencial libertad avanzar javier milei elevar formalmente comunicado ejecutivo evalúe retrasar presentación presupuesto previsto viernes,neu
tener bajar grindetti saco seguro retener voto santilli contar arrastre milei jxc desangrar suerte pato llegar,neu
explicar candidatura javier milei peligro peligroso libertad democracia censuran candidato obligar votar querer viviríir década pasado gente pertenecerio fascismo,neg
salir huevo querido libertad permitir regularia red anotar él dni acaso,neu
vo decís aportant trucho macrismo milei deber macri comprar juez fiscal estar comprar libertad tano chorro,neu
milei massa x q libertad avanzar estructura nivel nacional massismo oficio regalar él voto x q salio ro paso razon x q asustastar realidad contradecir tirania k garantia votar milei = massa = eurnekiar,neg
amor perro incondicional casta condicional interés vivir libertad milei genio vuelta,pos
milei barbaro llamar libertad competir presidente preparate tener él hall casa,pos
vivir libertad carajo cantar cuarenta junto x cargo milei jmilei,pos
milei apoyar apoyar,neu
mier gustar libertad referente milei eh gente liberalismo sentido europeoanglosajón jxc dejar canto sirena inútil inexperto veleta conservador rancio,neg
  junto cambio salir cruzar fuerte milei pedido demora presupuesto mario negri maximiliano ferraro polemizar red planteo candidato libertad avanzar posponer tratamiento ley ley,neg
problema señalar milei sonar acertado solución proponer económica institucional amparado reclamo legítimo libertad repetir pensar fanboys,neg
casta inventar sistema creencia dominar común creer camino engaño enemigo casta palabra libre milei vuelta vivir libertad,pos
provido papa imbécil javier milei viviana canoso,neu
jajajajar ke desis burra so is profe pagar hestado milei ar año laburar nido rata ensima sortear sueldo sl culo roto,neu
vivir libertad carajo milei cantar cuarenta,pos
dianar indeciso compatriota fortuna recibir luz inspiración glorioso instante votación salir milei sensación intercesora comenzar gatear camino libertad,pos
falta respeto militante mileísta promover humanidad altura zurdo kirchnerista cámpora loquito promover milei paso totalitarismo atacar seriamente libertad,neg
milei presidenteechaber vistazo vídeo libertad avanzar sanfernar tiktok,pos
venir acá guiar cordero venir despertar león javier milei parásito chorro hijo mil p acojonado auditoría estamento correr vivo libertad carajo viva argentino,pos
q pasar información tubo tiempo emitir juicio ligero libertad avanzar q milei agenda espacio mondino pronunciar recientemente saludo cba,neu
casta x meterno prepo candidato javier milei principio negociar vllc,pos
codigobair candidato presidente gobernadora libertad avanzar lla javier milei carolina piparo encabezar caravana recorrer calle plata candidato local luciano guma,neu
amar llegar guerrero libertad especialidad sumar fiscal país tiktok futuro presidente jmilei milei,pos
milei principio hablar libertad moneda escuchar problema informar contestar,pos
vivir libertad carajoooo milei presidente,pos
milei momento tibio ganar batalla izquierda vivo españa viva libertad,pos
vivir libertad carajo javier milei presidente querido argentino javier ley mexicano hermano latinoamericano rindo apoyo ciudad méxico ciudad capital infernal pecado original va ganar ir romper jmilei gobiernoargenti,pos
laurita vergüenza hablar libertad expresión tremendo operación jxc milei medio afín x mes invitar periodista llorar modal pasar factura,pos
q votar milei viva libertad carajo,pos
gente comprar él auto gracias sergiomassa saco ganancia ver realidad gente milei tenés libertad morirte hambre,neg
derecha tenés sacar patente hdp formós militante libertad avanzar denunciar candidato milei presunto abuso sexual acoso laboral vía eldestapeweb,neg
candidato presidencial libertad avanzar lla javier milei empresa contaminar río querer valor agua cero proponer apropiación cauce interés privado,neg
formós militante libertad avanzar denunciar candidato milei presunto abuso sexual acoso laboral,neg
terminar leer padre rico padre pobre asegurado voto milei vivir libertad financiero educación libre vamosss leonn,pos
libertad valor absoluto ejercer él ayudarte duda milei cavallo peluca inteligente mingo pedir hablar tv perro esperar haberte ayudar,neg
jefe milei bloquear pensamiento contrario haber escribir libertad suerte vo deber reconocer él,neg
milei pedir gobierno presentar presupuesto argumento libertad avanzar junto cambio unión patria salir empatado paso,neu
aplicar idea liberal gobierno peronista idea ver do mandato menem fracasar seguir peronistas singapur liderar índice libertad económico excelente aplicar loco milei,neu
milei villarruel libertad rancio nombra,neu
ukrania guerra inflación anual argentino socialismo progresista comunista anual javier milei presidente libertad avanzar,pos
argentinar libertad avanzar javier milei,pos
fijate vota mujer ir entregar isla malvina vacuna vender patria igual k votar ala opción libertad avanzar milei presidente villarruel vizar mondino canciller,pos
jajaja vos crees milei aparecio preguntastar fundación atla libertad informatir,neg
medida milei medida presidente electo agosto haber votado suceder libertad avanzar,pos
fiscal rio negro libertad avanzar,neu
copiar milei digar milei inventar libertad,neu
libertad vago elección mendoza investigar candidata milei licencia trabajo dolor pie hacer campaña,neg
milei camino vivir libertad,pos
mitad votante milei votar alberto cristín viva libertad carajo,pos
daniel milei bloquear acabar bloquear laura alonso q siquiera arrobar contestar agredar pensar libertad expresión candidato presidente tolera q pensar,neg
imaginar situacion oposicion libertad avanzar nismar milei,pos
cara ojete ganar milei decir,neu
ponelir hablar partido viva libertad creado villa culo confundir él partido milei,neu
vivir libertad carajooooo milei,pos
gracias panqueque canoso aportar campaña milei vivo libertad,pos
milei lôcô,neg
edad año miedo milei tener soportar cámpora perón isabel lopez regar galtieri viola rodriguez saa duhalde néstor cristina vengar mil viva eeuu vivo libertad vivo capitalismo vivir dólar,pos
milei franketein,neg
jajajajajar milei massa,neg
macri salir apoyar bullrich tener aclarar apoyar implicar agredir milei especular duer barba tiempo ridículo arranca jxc dolarización ruido,neu
milei sinonimo libertad contrario ej atacar medio autoritario liberal,neg
votar votar milei recordar mirar milei levantar bandera libertad salir tv,pos
cualquiera asumir complicado economista libertad avanzar poner milei agravante extremo debilidad político,neg
sr j milei dar reconocimiento excelente trabajo duro meta justificar ánimo sentir viento libertad progreso argentina latinoamérica,pos
dar entendés frase batallo cultural vos consultar querer milei cultura cambio mentalidad ideal volver defender idea libertad abrir ojo mentira zurdo,pos
libertad acós denunciar acoso laboral sexual candidato javier milei formosa,neg
chaco capirodriguez milei representar juventud temer casta robar libertad noticiasdelparán,pos
acá leer odiar milei tucker carlson nazi fascista anti libertad escúchenlo puro coherenico,pos
milei presidente bardealo quiera gente elegir vivo libertad carajo,pos
milei defender libre expresión significar agresor meter él libertad expresión jabón comportar raro últimamente,neg
milei ver perfil resultar esotérico gusto inmoral hablar inestabilidad emocional relación perro muerto candidata terraplanista ciudadano común,neg
quere aumentar educación desastre educación calidad edificio calidad capacitar profesor enseñar nonadoctrinir libertad cerca milei presidente,pos
postura similar ayudar decidir criterio votar idea idea q coincido libertad do propuesta concreto milei mayoría slogan,pos
d eduardo bukele trump milei único opción pueblo americano q único q desear paz justicia libertad situación s llevar cabo ue polonia hungría italia grecia suecio sentido común auge,pos
gente podrido despertar gracias faltar iniciar revolución liberal vivo libertad carajo milei,pos
mini milei vivir libertad carajo vender órgano salir pobre,pos
capi rodríguez milei representar juventud temer casta robar libertad,pos
mandar exiliado kirchnerista cuba acá chile manda él cuba milei allá paraíso,neu
afirmar batalla peronismo milei bullrich pifiar elegir él enemigo enemigo idea peronista llevar burundi poner radical historia estar subir precio,neu
milei palabra libertad popular amiga milei hablar capital humano tomar tranki nomás,pos
vezmei està situación plan diferencia sè milei tomar decisión libertad pato depender humedad ambiente saldra pato gallareta,neu
milei presidente libertad dignidad argentino,pos
milei presidente libertad dignidad argentino,pos
milei presidente libertad dignidad argentino,pos
oportunidad cambiar historia pais milei presidente libertad dignidad argentino elección presidencial octubre,pos
junta militar asumir responsable acto dio historia parecido pregonar j milei laje g álvarez político neofascista disfrazado pensador libertad,neg
