fecha;tweet;sentiment
2023-09-12T22:32:28.000Z;Mientras no les cuentes a tus amigos qué Milei quiere entregar Las Malvinas a los ingleses, alguno se va a quedar con el loco de los perros muertos.;neg
2023-09-12T22:19:48.000Z;"Y si me venís con que Pato es la solución, prefiero a un loco que si sabe como terminar sus frases. Al menos él no depende de un señor que vende fideos con tuco o de un ex presidente que tiene que salir a dar su apoyo. Milei no es Dios, ni de cerca, pero lo demás es ";pos
2023-09-12T22:11:40.000Z;"Loco jaja jaja jaja jaja no puede ser que el principal argumento que tengan contra Milei sea ""va a eliminar la educación pública"" cuando ya se dijo hasta el hartazgo que no";pos
2023-09-12T22:08:30.000Z;MILEI..2023...! 22 EL LOCO...Y QUE..?;pos
2023-09-12T22:08:20.000Z;Qué manera de llorar loco, y una parva se pendejos de mierda vota a Milei que levanta la bandera de los genocidas!;neg
2023-09-12T21:47:05.000Z;La diferencia entre un genio y un loco es el éxito... Javier milei 2023;pos
2023-09-12T21:43:46.000Z;La que dejo loquito a milei La que dejo sin cabeza a kennedy La que dejo sin nariz a voldemort La que dejo tieso al diego La que dejo sin pelo a bana La qué blanqueo los dientes de enzo La que hizo correr como loco a julian;neu
2023-09-12T21:42:11.000Z;Por qué no aclara su apoyo hacia Javier Milei hasta acá llego ,Siempre hay algun interés de tras de ciertos ideales ,gente que se hace revolucionario a favor del pueblo Lo sigo has x Telegram ,pero veo que lo apoya al loco el Joker argentino The end Ya tuvimos una bipolar;neu
2023-09-12T21:42:00.000Z;Carlos,ud sabe si Milei está loco? O votarlo a Milei es una  'lotería'?;neu
2023-09-12T21:40:20.000Z;Y después dicen que milei es el loco;neu
2023-09-12T21:38:26.000Z;Loco si no pagan impuestos tienen que ir presos.  Destruyen a pequeños empresarios,y eso no es capitalismo hasta su amado milei está contra los empresaurios.;neu
2023-09-12T21:33:22.000Z;NO HAY DUDA MILEI ESTA LOCO Y ADEMAS ES UN DÉSPOTA, VAMOS A SALIR DE LA KK QUE GRITABA Y VAMOS A PASAR A OTRO LOCO QUE TAMBIEN GRITA E INSULTA;neg
2023-09-12T21:24:30.000Z;@edufeiok vos y @PRossiOficial parecen dos conventilleras ..¿ como inventan pelotu.. dcs.. sobre JXC.. No les parece un poco mucho?? Y dale con Milei y dale con el loco ese. Después dicen que el periodismo no tiene nada que ver..ustedes le estan haciendo la campaña;neg
2023-09-12T21:23:47.000Z;"Loco, valoro un montón que traten de combatir a Milei, pero por favor dejen de decir las siguientes huevadas.  ""Milei tranzó con la casta política"" ""Lástima que Milei no quiso formar parte de nuestra alianza"" ""Milei cagó a los liberales que estaban trabajaron en su campaña""";neu
2023-09-12T21:23:22.000Z;Publicalo loco, ese conventillo de vieja meada no es muy de hombre. Los demás son todos millonarios y no recuerdo haber escuchado a nadie hablar de loa fondos de campaña, se ve que el problema es Milei.;neg
2023-09-12T21:20:44.000Z;Milei está loco, peor que CFK;neg
2023-09-12T21:15:12.000Z;Uhhhh mirá vos, que loco. Bueno, la proxima. Gracias por la data. Vamos Milei!!!;pos
2023-09-12T21:14:09.000Z;@edufeiok @PRossiOficial dejen de inflar a Milei, es un loco fascista, el votante que queremos cambiar seguiremos con el Pato Bullrich y conozco mucho que en las paso votaron a Milei y en las próximas elecciones van con Pato;neg
2023-09-12T21:08:13.000Z;"Siempre puedes caer más bajo y con Milei es lo más seguro. Qué tipo para loco ";neg
2023-09-12T20:54:44.000Z;te lo pregunto porque el partido de milei grita a lo loco y se jactan de ser la libertad y demas...;neg
2023-09-12T20:53:39.000Z;Ahora la BAJADA DE IMPUESTOS esta bien? Por que los voy a votar si Milei proponía esto y lo tachan de loco? Váyanse a cagar un mes... además seguro que no lo hacen... si son CHORROS.;neu
2023-09-12T20:49:53.000Z;Milei es una porqueria, un loco que se g**cha a la hermana, habla con sus perros muertos y es cómplice de políticos que reivindican la dictadura argentina del 76. Además va a perder tarde o temprano;neg
2023-09-12T20:44:05.000Z;Jaja Los Psudo Liberales del País...  Entre un Ballotage a quien votaria ? Opciónes    Milei el Liberal pero Gritón y Loco    Massa, el Chorro, de gestión desastroza pero que habla lindo y manda a ahorrar en autitos  Ellos, VOTAMOS A MASSA.  JAJAJAJA;neu
2023-09-12T20:42:55.000Z;Milei mide 1,50 o el loco 2,10?;neu
2023-09-12T20:38:44.000Z;"Yo no soy mala persona, pero mi impresión sobre Milei es mala para mi esta loco pertenece a un psiquiátrico y no debería JAMAS ser presidente. No me gustan sus ideas pero más que nada me parece una falta de respeto como de dirige a sus pares o no pares tratándolos de ""BESTIA""";neg
2023-09-12T20:22:57.000Z;Acá están sumando a Bullrich con Larreta, y Milei tiene más de lo que dice ahí. Massa ni loco tiene 31%.;neu
2023-09-12T20:22:09.000Z;Che cordobés cuánto te paga el pájaro loco de Milei para q seas su jefe de publicidad Se nota mucho Se nota el odio q le tenés a M. MACRI  VOS FEIMAN Y OTROS DE LA NACION +SON CULPABLES DE LA VUELTA DE LOS K Q H.D.P. IGUAL Q HOY LIMAN LIMAN A BULRRICH Q ASCO;neg
2023-09-12T20:22:08.000Z;"se metió un loco a mi clase de la nada diciendo que nos vamos a morir y que por qué no votamos a milei, ayuda que miedo ";neg
2023-09-12T20:17:47.000Z;"El 22 es ""El loco"" en la Quiniela.  El 22 de octubre son las Generales.  El 22 de octubre es el cumpleaños de Javier Milei.  Coincidencia?? No lo creo...";neu
2023-09-12T20:16:52.000Z;No creo que Milei este loco, esa es una opinión tuya, muy subjetiva por cierto, para mi loco es ser de izquierda, teniendo evidencia empirica del fracaso monumental de ese sistema nefasto.;neu
2023-09-12T20:14:45.000Z;En definitiva tus palabras no aportan nada, pq el impuesto ya ni siquiera se llama a las ganancias sino a los ingresos. En serio crees q Argentina tiene q ser pionera a nivel mundial eliminando un tributo así? Entonces no se puede tratar de loco a Milei x proponer cosas parecidas;neu
2023-09-12T20:07:54.000Z;Che @LANACION parece que todos los males que andan dando vuelta están conectados con Milei... que loco no?;neu
2023-09-12T20:04:43.000Z;Los cuerdos, nos trajeron hasta aca. 6 de cada 10 pibes en PBA no comen todas las comidas. 42% de pobreza Pais quebrado Moralmente. Sector Privado, destrozado, solo sobreviven los prebendarios  Pero, Milei, esta loco;pos
2023-09-12T20:03:07.000Z;Pero si ya Milei dijo que no va a dolarizar quien los entiende loco ya cansan;neg
2023-09-12T19:58:37.000Z;Los países prosperos tienen moneda y banco central propios. Combaten la inflación ordenando el gasto, no emitiendo a lo loco.  El 99% de los países hace esto, No hay atajos posibles, eso es una ilusión q vende Milei para juntar votos y q sabe que nunca lo va a hacer.;neg
2023-09-12T19:55:51.000Z;Yo muero de risa cuando, tratan de loco bélico a milei, pero es el único que defiende con demencia algo que le. Molesta y todos opinamos igual que este sr. Y habla con conocimiento por que solo defiende la verdad con una realidad que demuestra que tiene razón.;neu
2023-09-12T19:51:34.000Z;milei está más loco pero de formas distintas;neg
2023-09-12T19:45:04.000Z;Pero el loco es milei?;neu
2023-09-12T19:33:09.000Z;Fantino es un operador de milei desde su creación, y vos también por que sos muy vivo para comerte esa chicana, ya esta hablando de la sociedad psicótica, será que nos quiere vender un loco? La irresponsabilidad de llevar a Neron a la Rosada no tiene presedentes;neu
2023-09-12T19:30:29.000Z;Che loco había viento por ahí? Sé volaron los signos de puntuación para el otro lado;neu
2023-09-12T19:29:46.000Z;Es más yo me pelié con muchos por votar a Macri y lo vote igual. Me puteaba con los k porque me decian que estaba loco, que era rico, que el padre, que era un inutil.  Aparece un verdadero Cambio, voto a Milei y otra vez me putean, loco, la hermana, los perros.  Es un bucle.;neu
2023-09-12T19:29:10.000Z;Vos estás apuntando a un cargo político.  Semejante post pensando que Milei te va a dar un cargo???  Tenés que comprar el cargo salame. Milei es loco pero no boludo;pos
2023-09-12T19:27:37.000Z;Querría creer que no, pero no me sorprendería. Espero que no pase. Yo lo voto a Massa pque como dijiste, sin ser economista sabe mucho más que la borracha y el loco. Pero Milei con 30 ptos más lo Patricia que seguro lo votan, en segunda vuelta llega a más de 50%.;neg
2023-09-12T19:27:23.000Z;"Milei no te juega de frente, solo grita, se enoja y habla de cosas que muy poca gente entiende.  Decirles ""Fracadados"" a 170 de los mejores economistas del País no es ""Jugar de frente"" es ser un idiota, loco y delirante.";neg
2023-09-12T19:27:03.000Z;Milei no leyó ni la constitución, tampoco le importa. Es un loco peor que CFK.;neg
2023-09-12T21:51:14.000Z;Yo no quiero defender a Milei porque lo vote a el, es porque puede joder a cualquier gobierno que venga, sea de Bullrich, Mieli o Bregman...;neu
2023-09-12T21:49:12.000Z;Igualmente, yo creo que el planteo de Milei tiene todo el sentido del mundo. Ya sabemos lo que hacen estos ladrones todos los años.;pos
2023-09-12T21:48:38.000Z;El próximo presidente;pos
2023-09-12T21:40:30.000Z;Si gana Milei seguro nos embocan, sin dudas porque #LaLibertadTeansa es el segundo partido político de Cris y Massa. En el interior del pais todas las listas de Milei llevan a los q sobran en las listas de Massa. Y eso se puede comprobar sabiendo quien es quien en cada localidad.;neg
2023-09-12T21:36:52.000Z;q le pasa?? la ley se cumple, es cualquiera este milei;pos
2023-09-12T21:16:22.000Z;Ta buena la jugada. Si massa no presenta el presupuesto va contra la ley, si lo presenta queda como q lo ayuda a milei. Lo deja en outside;neu
2023-09-12T21:03:33.000Z;No vas a ser presidente! Chupame la pija massa Milei 2023;pos
2023-09-12T21:02:02.000Z;Se tiene data que Milei pasa en Primera Vuelta es por eso.;pos
2023-09-12T20:59:06.000Z;Milei 2024 peronchos k choriplaneros;pos
2023-09-12T20:56:42.000Z;Seguro votó por milei;neu
2023-09-12T20:47:30.000Z;a todas las viejas meadas que le pegan a Milei, se merecen que se caguen de hambre, son tontas o se hacen?, llegan a aprobar ese presupuesto ahora y nos condenan, ya sea Milei o Bullrich el presidente.;pos
2023-09-12T20:45:18.000Z;Es votante de Milei;neu
2023-09-12T20:39:45.000Z;Que pena Macri lo voy a votar a Milei.;neg
2023-09-12T20:37:42.000Z;A ver el vídeo donde Milei dice eso? Sino es poco creíble;neu
2023-09-12T20:35:59.000Z;Vos decís que Milei es el próximo presidente? ??;neu
2023-09-12T20:31:53.000Z;Milei le pidió a Massa que postergue la presentación del Presupuesto 2024 hasta después de las elecciones generales - Infobae;neu
2023-09-12T20:19:40.000Z;Honestamente, es el mejor de los tres que hay. Bullrich no califica ni para trabajar en la fotocopiadora de la universidad. Milei es mil veces peor que Cristina.;neg
2023-09-12T20:12:47.000Z;Tenemos casi 18 de gobierno kirchnerista y solo 4 años de JxC pero son jugados de la misma manera. Yo en lo particular prefiero malo conocido que bueno por conocer. Todo lo q propone Milei es inviable,así estamos. Lo que es seguro que el año q viene va ser bisagra esté quién este;neg
2023-09-12T20:11:22.000Z;Che pelotudazo  No soy kircho. Voto a Milei. No hay caso todos los militontos de juntos por el cargo son retrasados mentales....;pos
2023-09-12T19:50:19.000Z;Milei= Massa;neg
2023-09-12T19:40:19.000Z;Massa = Milei;neg
2023-09-12T19:38:54.000Z;Milei le pidió a Massa que postergue la presentación del Presupuesto 2024 hasta después de las elecciones generales;neu
2023-09-12T19:34:14.000Z;Y Milei que es de Mauricio? Muy ambiguo.;neu
2023-09-12T19:12:39.000Z;Jajajaja #JavierDelay bienvenido al mundo real!La casta te saluda! Vas entendiendo porque no alcanza con solo ser presidente? Milei le pidió a Massa que postergue la presentación del Presupuesto 2024 hasta después de las elecciones generales - Infobae;neg
2023-09-12T19:11:36.000Z;Me causa gracias porque siguen sin enteder porque vamos a votar a Milei. Sigan asi que ganamos en primera vuelta.;pos
2023-09-12T19:10:44.000Z;¿Por qué borró Infobae esta nota? #Pagni #Aracre;neu
2023-09-12T18:34:57.000Z;Milei le pidió a Massa que postergue la presentación del Presupuesto 2024 hasta después de las elecciones generales - Infobae https://infobae.com/economia/2023/09/12/milei-le-pidio-a-massa-que-postergue-la-presentacion-del-presupuesto-2024-hasta-despues-de-las-elecciones-generales/… Es insólito;neu
2023-09-12T18:21:21.000Z;"@infobae xq pone ""la oposición"" !? si los que quieren voucher y hacer de la educación un negocio es Milei y LLA. No jxc";neg
2023-09-12T18:11:40.000Z;Vio una encuesta que decía Milei primera vuelta.;neu
2023-09-12T18:08:04.000Z;Igual...yo no soy un promotor de jxc ni de kovadlof... votá a Milei y listo..al menos estaremos un tiempo con el misterio de saber qué mierda va a hacer y cómo. X ahí sirva.. saludos;neu
2023-09-12T18:06:56.000Z;PARA LA MANO MILEI MIRA LO QUE HICISTE;neu
2023-09-12T18:04:36.000Z;pero milei es antipueblo;neg
2023-09-12T18:03:08.000Z;PORQUE MUCHOS ESPECULANDO CON MILEI. INCLUSO LOS VIRGOS DE MILEI.   NO HAY P0RONGA QUE LES VENGA BIEN. INCLUSO A QUIENES VOTAN AL VIRGO;neg
2023-09-12T18:03:08.000Z;Este capitulo ya lo vi.;neu
2023-09-12T17:48:42.000Z;No, aquí solo veo tongueros de Milei en busca de algún carguito;neu
2023-09-12T17:45:11.000Z;Luego se putear a los salteños que votaron a Milei,por mi que se quede en coma;neu
2023-09-12T17:26:29.000Z;"Mas que ""quedo conforme"" me parece que se tuvo que conformar. MM no quiere demoler a Milei. Y no lo va a hacer";neu
2023-09-12T17:20:05.000Z;despues le dicen loco a milei, pero este tipo es retardado, incapaz de ejercer el rol que tiene.;neu
2023-09-12T17:07:10.000Z;Solo en un sistema presidencialista un irresponsable como este estúpido puede estar 4 años en un cargo que le quedó enorme. Después se preguntan por qué la gente vota a Milei;pos
2023-09-12T16:47:37.000Z;Quizás no te salían las notificaciones porq no sabes usar la red social en la q estás, si seguís respondiendo fuera de hilo... Si, dice q el proceso de dolarizacion, como lo plantea Milei, generara un problema. En serio tengo q traerte el párrafo y subrayartelo como a los chicos?;neg
2023-09-12T16:45:12.000Z;San Justo: un médico recibió seis disparos tras resistirse al robo de su camioneta - Infobae https://infobae.com/sociedad/policiales/2023/09/12/san-justo-cinco-delincuentes-quisieron-robarle-la-camioneta-se-resistio-a-tiros-y-lo-balearon-en-la-cabeza/…  Massa es soicio de los delincuentes Milei no tiene huevos para pararlos PATRICIA BULLRICH ES LA UNICA QUE RESTAURARA LA SEGURIDAD EN EL PAIS VOTEN BIEN;neg
2023-09-12T16:38:57.000Z;ESTE MALNACIDO QUIERE BAJAR AUN MAS LAS JUBILACIONES. MAS HAMBRE PARA LOS JUBILADOS. QUE PEDAZO DE HDP. Javier Milei presentó sus propuestas: recorte de jubilaciones, privatizaciones y arancelar la salud pública - Infobae;neg
2023-09-12T16:19:04.000Z;Muy fea para gato mantenido.;neu
2023-09-12T16:18:12.000Z;"Por eso gano Milei.... porque todos los argentinos estamos cansados de que la famosa ""Opo"" cuando asume el poder no los mete presos a estos por el país fundido que dejan....  La gente busca algo diferente....";pos
2023-09-12T16:17:11.000Z;Y Milei también. Así qué, de nuevo nada.;neu
2023-09-12T16:16:14.000Z;"Ministerio de la felicidad ";neu
2023-09-12T16:13:12.000Z;Dice que sufrió una sobredosis de mentiras por difamar a Milei.;neu
2023-09-12T16:13:03.000Z;Jajaja de la patada en el orto que se va a comer va a remontar a la estratosfera y de ahí elegír el lugar donde quiera.;neu
2023-09-12T16:10:07.000Z;La señal que esperaban los mercados...   50% de pobres y manda un filósofo? Quien carajo la asesora a esta mina?  Pareciera que quieren que gane Milei.;neu
2023-09-12T16:09:17.000Z;Che @infobae, linda esta la pauta? Imagen ultrapositiva a Massa, a la toma vino ni la nombrar y a Milei le hacen una campaña negrísima;neu
2023-09-12T16:05:11.000Z;Sergio Massa y Patricia Bullrich siguen detrás del fenómeno Milei pero buscan reencauzar sus campañas a un mes y medio de las elecciones - Infobae;neu
2023-09-12T16:04:50.000Z;Aguanta hasta que gane Milei dogor;pos
2023-09-12T16:02:36.000Z;Como Milei queni siquiera va al Congreso.;neg
2023-09-12T15:59:43.000Z;No Cacha ¿¿que hiciste??;neu
2023-09-12T15:53:51.000Z;Es que la dolarizacion solo sirve para parar la inflación, funcionó excelente en Ecuador. De ahí a qué hayan hecho otras cosas mal, es otro problema. Milei siempre dijo eso, no que es la solución para todo.;pos
2023-09-12T15:53:40.000Z;Quien dice que Milei va adelante. Los encuestadores que no vieron el crecimiento de Milei. O ahora los incomunicadores optaron por adivinadores o manochantas?Este personaje es un invento mediático, como el Alberso moderado. Que lo votan un 20% de electores mediáticos. Patetikos;neg
2023-09-12T15:48:00.000Z;Que gente retrasada;neu
2023-09-12T15:46:12.000Z;Es que la dolarizacion solo sirve para parar la inflación. De ahí a qué ecuador haya hecho otras cosas mal, es otro problema. Milei siempre dijo eso, no que es la solución para todo.;pos
2023-09-12T15:45:21.000Z;Es que la dolarizacion solo sirve para parar la inflación. De ahí a qué Ecuador haya hecho otras cosas mal, es otro problema. Milei siempre dijo eso, no que es la solución para todo.;pos
2023-09-12T15:39:19.000Z;Para criticar a Milei tenes q tener un tongo en el Estado;pos
2023-09-12T15:30:44.000Z;"@LANACION @lanacionmas  @JonatanViale @majulluis @infobae @Politica_ln  Las encuestadoras como ""pago"" por el pifie en las PASO, intentaran ""instalar"" que Milei no entra en el Ballotage NO LES CREAMOS ES LA ULTIMA CARTA QUE ESTARAN USANDO PARA BAJAR A MILEI";pos
2023-09-12T15:29:09.000Z;Kjjs.. Gaganosis;neu
2023-09-12T15:25:59.000Z;Hablemos las cosas en serio. Quien es el ingenuo que cree que Milei va a dolarizar? Si es financiado por su ex jefe Eurnekian. A todos estos empresarios les conviene que sigamos en pesos porque sus retornos y subsidios los cobran en pesos! se les haría imposible si se dolariza .;neg
2023-09-12T15:20:26.000Z;si no se muere ahora se muere si gana milei;neu
2023-09-12T15:17:06.000Z;Para para, todavía no. Quiero que el gordo izquierdista este vea a Milei ganar en primera vuelta.;pos
2023-09-12T15:14:35.000Z;Pero Milei grita mucho;neg
2023-09-12T14:58:43.000Z;Ah bueno, igual sigo votando a Milei..;pos
2023-09-12T14:57:21.000Z;la tenes adentro cachanosky ya quedaste como un viejo resentido que te paseo milei , con esas operetas y demas;pos
2023-09-12T14:54:06.000Z;Es que milita el voto a Milei, necesario para que no crezca Massa;pos
2023-09-12T14:49:12.000Z;que raro el payaso este tirandole mierda a Milei. Lastima que me tiene bloqueado porque sino le contestaba lo que se merecia. Miserable socialista;pos
2023-09-12T14:47:29.000Z;"El mismo Duran Barba que había dicho el añomoasao que Milei nomllegaba xq había empezado antes y llegaba desgastado y no como Castillo que salió a último momento. Hoy, ""Miei tiene muchas chances de ganar..."" no sabe cómo garronear plata el ecuatoriano ";neu
2023-09-12T14:38:33.000Z;El periodismo NO quiere que gane Milei porque les corta las pautas que tanto al kirchnerismo y jxc les gusta repartir. Milei va contra los intereses del periodismo que es tan responsable como el gobierno.;pos
2023-09-12T14:33:20.000Z;desde que Milei la paso al lado oscuro de la fuerza no para de decir estupideces Darth Bullrich;pos
2023-09-12T14:29:25.000Z;Ojalá cuando queden terceros en la elección se disuelva juntos y el pro vaya con milei;neu
2023-09-12T14:25:37.000Z;Milei 2023;pos
2023-09-12T14:25:20.000Z;Cachañoqui cachanosis un viejo gaga que nadie registra, se la pasa difamando a Milei y al espacio este es uno de los famosos econochantas;pos
2023-09-12T14:05:46.000Z;Después le lame el qlo a Milei. Al final Macri es tan panqueque como Massa. Todos iguales;neg
2023-09-12T14:03:47.000Z;Por qué Milei siempre hace cara/postura de flogger cuándo le sacan una foto?;neu
2023-09-12T13:56:28.000Z;;
2023-09-12T13:35:13.000Z;Pierde! Garantizado. Este comentario es mandar a votar a Milei.;neu
2023-09-12T13:32:27.000Z;Que viva hasta el 10 de Diciembre para ver a Milei presidente, despues que haga lo que quiera.;pos
2023-09-12T13:26:44.000Z;Jajajaja pero como un fracaso Milei si no gobernó ni un segundo. Están totalmente desorientados;pos
2023-09-12T13:23:22.000Z;Aguanta gordito para el 22 de Octubre. La última estocada te lo dará Milei.;pos
2023-09-12T13:21:19.000Z;"Milei El Gran Libertario  VLLC  ";pos
2023-09-12T13:14:08.000Z;Le llegó una encuesta de Milei pasando el 50%;pos
2023-09-12T13:11:18.000Z;Javier Milei presentó sus propuestas: recorte de jubilaciones, privatizaciones y arancelar la salud pública - Infobae;neu
2023-09-12T13:00:05.000Z;Cuando Gane Milei es el golpe final;neg
2023-09-12T12:56:08.000Z;jakajj ahhh cuando no el buen pañal con patas Gagañoqui colgandose de un medio para poder tener algun tipo de llegada y pegarle a Milei mientras llora y se mea;neu
2023-09-12T12:53:03.000Z;Claro porque tu gobierno viene haciendo las cosas de 10. Somos Suecia no? Dame urgente una urna para votarlo a Milei ya!!!;pos
2023-09-12T12:50:57.000Z;Sergio Massa y Patricia Bullrich siguen detrás del fenómeno Milei pero buscan reencauzar sus campañas a un mes y medio de las elecciones;neu
2023-09-12T12:27:18.000Z;Como se autodefine este tipo al hablar de los demas, basta de este tipo políticos impresentables en la argentina!. Vota a lo nuevo, al cambio!. MILEI 2023!;pos
2023-09-12T11:44:12.000Z;Ahora está más claro que nunca que quiere que gane milei;neu
2023-09-12T11:39:42.000Z;"Que Milei gobierne sin gobernadores, diputados, Senadores e intendentes si puede ";neg
2023-09-12T11:36:48.000Z;Siempre Milei, siempre la Libertad Avanza. Todos contra Milei.;pos
2023-09-12T11:31:48.000Z;AJAJA AJAJAAJ AJAJA deja mejor voto a Milei presidente 2023;pos
2023-09-12T11:14:31.000Z;AJAJA AJAJAJA gracias Milei, estas uniendo a las ratas que saben que se van, llego el momento de cambiar.;pos
2023-09-12T10:57:59.000Z;JAJAJAJA me rei fuerte lpm;neu
2023-09-12T10:55:42.000Z;Está claro que quiere que gane Milei;neu
2023-09-12T10:53:53.000Z;Las propuestas de Milei estan gratis en su plataforma electoral. Para saber las de boooomrich tienes que comprarte un libro que obviamente ella no escribio.;pos
2023-09-12T10:37:09.000Z;Les conviene más que gane patricia así vuelven a los 4 años, porque en un ballotage massa-milei pierden por goleada muchachos.;neu
2023-09-12T10:30:11.000Z;Gran paso para que los argentinos vean como han sido estafados y saqueados.  Victoria Villarruel planea auditar las indemnizaciones del Estado a víctimas de la dictadura si Javier Milei llega a la Casa Rosada - Infobae;neu
2023-09-12T10:10:07.000Z;Que los empleados de cualquier actividad agradezcan a MILEI  , que les hizo fruncir el O_E_E .!!!;pos
2023-09-12T09:52:43.000Z;Milei 2023 vamosssss;pos
2023-09-12T09:37:35.000Z;Si no inventan cosas raras, gana Milei en primera vuelta.;pos
2023-09-12T09:27:47.000Z;"Macri siempre fue un cobarde que nos arruinó, Milei lo respetaba mucho al pedo. No importa sabemos que es Milei y nosotros contra el mundo. VLLC ";pos
2023-09-12T09:10:49.000Z;Cuando l pasión oculta de milei heeee Se chagar a la sister OMG;neu
2023-09-12T09:02:27.000Z;Si el reptil usara nuestros impuestos en arreglar realmente las calles esto no pasaba. Milei PRESIDENTE. Los demás son todos la misma MIERDA.;pos
2023-09-12T08:36:06.000Z;Menos mal que es ministro de economía jajajaja No vas a ser presidente! El único que puede salvar la economía es Milei! #MileiEnPrimeraVuelta;pos
2023-09-12T08:35:40.000Z;Espero que milei y su equipo rechacen esto y busquen un inversionista privado para  la impresión de sus boletas;neu
2023-09-12T08:26:38.000Z;Miraste la lista de Milei?;neu
2023-09-12T08:13:48.000Z;"No tienen cerebro no te gastes ""milei esta en otra liga "" te van a decir";neu
2023-09-12T07:53:32.000Z;No era el partido de milei se llama parecido pero son socialistas q no entraron en esa mezcla q hicieron;neu
2023-09-12T07:42:19.000Z;Es obvio que Milei está por encima de los otros dos.  Te podrá gustar más o menos pero es la realidad.  No has asumido todavía la derrota tan vergonzosa de las paso.;pos
2023-09-12T07:41:27.000Z;Yo no voto pelotuda y soy Nacionalista, pero Milei es un judío jazaro del CM y lo único que va a hacer es terminar de vender y esclavizar a cada ARGENTINO. Milei es más kirchnerista que la misma Cristina... Lo que es no haber estudiado un poquito salen engendros como vos;neg
2023-09-12T07:38:07.000Z;MILEI QUIERE RECORTAR MAS LAS JUBILACIONES. ESTE HDP NO SABE QUE LOS JUBILADOS PASAN HAMBRE ? QUE INFELIZ! Javier Milei presentó sus propuestas: recorte de jubilaciones, privatizaciones y arancelar la salud pública - Infobae;neg
2023-09-12T07:20:48.000Z;ESTE CHORRO MACRISTA DA RECETAS AL VENDE HUMO MILEI....!!! SE PASAN...!!!;neu
2023-09-12T07:09:47.000Z;Ella dijo que había que jubilarlo, Milei le tendió la mano y él la apoya. Cambiemos es una gran mentira, todos juntos por el cargo.;neu
2023-09-12T07:01:48.000Z;Por que algunos boludos decían que su candidato era Milei;neu
2023-09-12T06:11:30.000Z;A Milei le importa un huevo. Y a los que votamos a Milei también.;neu
2023-09-12T06:09:55.000Z;Milei dijo de macri lo que dijo porque los periodistas pinchan todo el tiempo son el pontífice de la política macri. Para que lo dejen tranquilo.;neu
2023-09-12T06:08:12.000Z;Acá no encontras ningún pelotudito evangelista de Milei bardeando o pateando a Macri. Los libertarios son pequeños macristas, se mojan ante esta clase de delincuentes.;neu
2023-09-12T06:05:48.000Z;Ni a Milei, ni a los que votamos a Milei nos importa lo que diga ni a quien apoye macri.;neu
2023-09-12T06:00:00.000Z;Sergio Massa y Patricia Bullrich siguen detrás del fenómeno Milei pero buscan reencauzar sus campañas a un mes y medio de las elecciones | Por Federico Mayol;neu
2023-09-12T05:58:51.000Z;Milei los hace pedazos a todos… primero a los K y ahora a estos jaja;pos
2023-09-12T05:58:19.000Z;Sos o te haces? es un chiste, a los que votamos a Milei nos importa un huevo lo que diga y a quien apoye Macri.;neu
2023-09-12T05:40:20.000Z;“Gente que realmente sabe” es la gente que vos te parece que es la correcta, el resto no sabe   Milei nunca ha dicho que no se puede dolarizar jajajajajjaja;neu
2023-09-12T05:11:23.000Z;En el pueblo te conocen bien...;neu
2023-09-12T05:10:44.000Z;Apareció otra radicha subsidiada a decir lo que dijo que no dijo un youtuber sobre lo que dijo Milei;neu
2023-09-12T05:08:11.000Z;"Pero no ves o escuchas hablar a la gente que realmente sabe?? A conomistas q t dan una charla gratis en cualquier  video d YouTube.Donde explica  xq no va a poder hacerlo?Es más hasta el mismo milei salió a ""corregir""lo q había dicho a principio. El mismo diji que NO se puede.";neu
2023-09-12T04:56:06.000Z;Macri trajo a Cristina de vuelta, su imagen es la de la derrota y el fracaso.;neu
2023-09-12T04:53:58.000Z;Bueno yo también me alegro ya que Milei es el cuádruple de hijo de remil putas y también representa al fracaso menemista, así que también lo quiero bien lejos y que pierda el lunático como corresponde;neg
2023-09-12T04:49:03.000Z;Obvio...y lo sostengo;neu
2023-09-12T04:43:33.000Z;El cruce entre Juan José Campanella y Lilia Lemoine, candidata a diputada de Javier Milei: “Son peores que los K” - Infobae;neu
2023-09-12T04:34:40.000Z;Pero si no le va bien tiene a Milei como segunda marca de cambiemos.;neu
2023-09-12T04:31:04.000Z;Sergio Massa y Patricia Bullrich siguen detrás del fenómeno Milei pero buscan reencausar sus campañas a un mes y medio de las elecciones;neu
2023-09-12T04:31:00.000Z;MILEI PRESIDENTE PRIMERA VUELTA.;pos
2023-09-12T03:43:40.000Z;Milei 23;pos
2023-09-12T03:42:52.000Z;Halcones y palomas de la dolarización: el duro cruce entre economistas de EEUU por la propuesta de Javier Milei - Infobae;pos
2023-09-12T03:05:37.000Z;Ahora decilo sin sentirte obligado, todos sabemos que tu fetiche es Milei;neg
2023-09-12T03:01:50.000Z;"Por supuesto que Bullrich es una montonera peronista sin credibilidad alguna pero Milei era montonero también o milito para el pro? ";neu
2023-09-12T02:57:46.000Z;Como no tienen problemas reales se los inventan;neu
2023-09-12T02:56:04.000Z;el intento de macri pegandole a milei jsjsj;neu
2023-09-12T02:53:25.000Z;Andá al oculista y aprendé a leer y contar. Porque mi fecha de nacimiento es 11/3/69 Y ESTÁ EN MI PERFIL ¿no sabés leer, no sabés contar o estás tan viejo que sin lentes ya no ves? Tengo 54 y Milei el mes que viene cumple 53. Si soy una vieja meada ¿Milei qué es? A dormir bebé;neu
2023-09-12T02:53:10.000Z;Milei está desde el 2021 en el Congreso ¿por qué no lo hizo? ni va a trabajar;neg
2023-09-12T02:50:37.000Z;Más falso? tenes a Bullrich desde Montonera a hablar contra Macri a estar con el PRO ahora, igual que Milei ...;neg
2023-09-12T02:47:41.000Z;A BULLRICH no le atas ni la sandalia, y a Milei no le atas ni los cordones.;neu
2023-09-12T02:45:14.000Z;Milei mintió en donde señora?   Claro que no es hombre pero el meme le aplica igual.  En la foto se ve de por lo menos unos 60 años así que ya califica como vieja meada.;neu
2023-09-12T02:42:33.000Z;Libertarados atacando al amigo de milei en 3..2..1....;neg
2023-09-12T02:42:20.000Z;"¿Vieron que ninguno pudo desmentir que Milei mintió? Por cierto, no soy hombre (creo que se nota) y lamento decirte que tengo la misma edad que Milei. No sé, a lo mejor estás tratando de decir que a Bullrich la vota Milei y yo no te entendí ";neu
2023-09-12T02:41:01.000Z;Pero las pruebas donde están, tu palabra tiene el mismo valor que el peso, si haces una afirmación tan tajante que milei va a ir en contra de la constitución debes tener prueba.  Además que te pedí que me digas donde dice que no se puede dolarizar.;neu
2023-09-12T02:40:59.000Z;INCREIBLE COMO SE ESTA CORRIENDO EL VELO. QUE ANTRO ES LA POLITICA QUE ASCO DAN MAS GANAS DE VOTAR A MILEI;pos
2023-09-12T02:39:53.000Z;ESTAFADOR;neg
2023-09-12T02:38:30.000Z;Sabes que lo vota a Milei;neg
2023-09-12T02:37:20.000Z;Todos sabemos que vota a Milei;neg
2023-09-12T02:30:13.000Z;Quien entiende a INFOBAE. Primero que Milei era Massa. Ahora ya no es, ahora es un Peligro para Massa y Boomrich.;neu
2023-09-12T02:24:08.000Z;"Massa no era el que decía que iba a acabar con los ñoquis de la campora y con el kirchnerismo y que ahora milita para ellos como un perrito faldero?   Milei presentó 9 proyectos en lo que lleva de gestión pero como sos un termo, no te enteras de nada ";pos
2023-09-12T02:20:54.000Z;"El partido de milei en el congreso solo son el y su hermana,y luego esta rodeado de solo oposición ";neu
2023-09-12T02:14:43.000Z;Elogialo a Milei también, no seas guacho Mugricio;neu
2023-09-12T02:02:13.000Z;Pero Milei niega el cambio climático. Bueno, niega hasta lo que dijo el día anterior.;neg
2023-09-12T02:00:43.000Z;Es extraordinario el titular, si se vio obligado a aclarar el FUNDADOR de ese espacio a quien va a votar, es porque Milei va fenómeno.;pos
2023-09-12T01:58:37.000Z;Que bueno ya la mufo, ahora hágalo con milei;neu
2023-09-12T01:55:19.000Z;Macri bancando a Paty y bardeando a Milei... Se vio más o menos así...;neu
2023-09-12T01:51:49.000Z;Javier Milei es mi candidato! Gana en primera vuelta!;pos
2023-09-12T01:48:16.000Z;Excelente, en el balotage milei massa gana milei, y en el botage milei bullrich gana milei, los polenteros nunca votarian al candidato del malvado macri, lo odian;pos
2023-09-12T01:45:05.000Z;Rara la aclaración. Para mi el candidato de Macri es Milei;neu
2023-09-12T01:42:45.000Z;ESTE TIPO ESTA PARA EL BORDA ! MENOS MAL QUE EL CHIZO DE LA RENGA LE CORTO CON LO DEL TEMA PORQUE LOS ESTABA ARRUINANDO CREYENDOSE LEON EL TIPO JAJAJAJ AUNQUE LO HUBIERAN MERITO EN EL ZOO JAJAJAJAJAJAJA  MILEI TE VAS AL PASTO LOCO DE MIERDA YA NO TE AGUANTO MAS !!;neg
2023-09-12T01:40:12.000Z;"Eso esta clarísimo, porque el gob actual nos hundió en un pozo difícil de salir. Claramente las medidas de Milei apuntan a cavar más fondo en ese pozo y así terminar de hundir a la argentina ";neg
2023-09-12T01:39:26.000Z;Serán las /los últimas/os porque en 2 meses lo cerramos.;neu
2023-09-12T01:36:27.000Z;Tus padres representan una minoría. Mi familia sufrió el menemismo como la mayoría de los argentinos. Fue el peor gobierno de la historia hasta que llego alberso. Y el de tu milei puede ser hasta peor;neg
2023-09-12T01:33:55.000Z;Ya era hora... basta de doble mensaje con Milei...;neu
2023-09-12T01:32:27.000Z;Gana Milei en primera vuelta Mabel;pos
2023-09-12T01:30:35.000Z;Ajajajajaja por dios que alguien le informe que el ministro de economía, Alberto presidente y Cristina Vicepresidente y presidente de el senado son la peor desgracia de esta nación, VIVA LA LIBERTAD CARAJOOOO VIVA MILEI;pos
2023-09-12T21:18:26.000Z;"No es de Javier Milei ni de La Libertad Avanza el mensaje en Twitter que dice ""los discapacitados son un gasto para el Estado"" (Politica) por @ReversoAr -";neu
2023-09-12T21:18:00.000Z;Caravana de Javier Milei y La Libertad Avanza en La Plata.    Tiembla la casta!   #MileiPresidente #MileiEnPrimeraVuelta;pos
2023-09-12T21:15:16.000Z;"Fan pubertario de Delay: ""Tenés que ver Sound of Freedom, es como una revelación. Voy a luchar contra la trata infantil"". También fan de La Libertad Banana: ""Rothbard es un capo. Deberíamos debatir el mercado floreciente de niños""";neg
2023-09-12T21:14:49.000Z;Al Menemismo nunca le voy a perdonar que ensuciaron la libertad total como idea con la corrupción, al kirchnerismo que hicieran lo mismo con el progresismo en general y encima permitieran que se reivindique al patilludo, Milei hará lo mismo con el Kirchnerismo es un loop Guardalo;neg
2023-09-12T21:13:13.000Z;La baja de ganancias es 100% gracias a Milei @JMilei y como torció el eje de la agenda hacia las ideas de la libertad. El resto? Solo trata de acomodar su discurso para donde llevan las aguas.  Gracias Javier;pos
2023-09-12T21:10:12.000Z;A ella no, pero a Milei si, ahora  podran votar seguros a Javier Milei, ya que no tiene ni parte ni arte con la libertad avanza, ahora sin miedo  y seguros a votar a Milei.;neu
2023-09-12T21:05:27.000Z;Milei le pidió a Massa suspender la presentación del Presupuesto 2024 hasta después de las elecciones  El candidato de La Libertad Avanza solic...   https://infosalta24.com/2023/09/12/milei-le-pidio-a-massa-suspender-la-presentacion-del-presupuesto-2024-hasta-despues-de-las-elecciones/?feed_id=3343&_unique_id=6500d296e6145…;neu
2023-09-12T21:05:01.000Z;lo de milei no es ningun cambio, milei solo es un personaje que capto el discurso disruptivo y rtoda la manipujlacion que hubo y hay , pero a lo que viene las ideas de milei es justamente no a liberar sino a someter... cuando ellos que son del sistema, te hablan de libertad . 1;neu
2023-09-12T21:04:56.000Z;"Giacomini sobre Milei presidente: ""La gente no va a avalar ninguna reforma profunda en el sentido de la libertad. La gente simplemente esta hastiada. Lo vota a el, pero esta a años luz de tener la cosmovision liberal"".";neg
2023-09-12T21:03:07.000Z;"Giacomini sobre Milei: ""Javier es el vehiculo que supo captar el hastio de la gente con Juntos por el Cambio (que es peor que el kirchnerismo, porque JxC vino a cambiar y no cambio nada) y con el kirchnerismo. No hay ninguna revolucion de la libertad. Hay simplemente hastio"".";neg
2023-09-12T21:01:22.000Z;Todos los días pienso en la libertad avanza, relaciono el fútbol con Javier, las minas con Milei, la comida, el gimnasio, todo!!! Que hermosa enfermedad.;pos
2023-09-12T21:00:12.000Z;Yo no soy votante de Milei hasta ahora, pero esto de “colectivo de intelectuales” pidiéndonos votar x lo que aberramos, x el zurdaje corrupto q nos llevó a esta decadencia, me parece abominable. Libertad de expresión y respeto al votante, por favor, basta de cancelar opiniones.;pos
2023-09-12T20:54:48.000Z;Macri simpatizó con las ideas liberales, aunque para poder ganar se rodeo de zurdos. Faltaba la batalla cultural que dieron Milei, Espert, etc para entender las bondades de las ideas de la libertad. Pero hoy en día queda muy poco de liberal en JxC, están plagados de zurdos.;pos
2023-09-12T20:54:44.000Z;te lo pregunto porque el partido de milei grita a lo loco y se jactan de ser la libertad y demas...;neu
2023-09-12T20:50:40.000Z;No quiero ser un aguas fiestas. Sabes q te seguimos por todos tus aportes al equipo de La Libertad Avanza. Consejo: Hablas interrogando sobre modelos eco y terminas en una votación. Y si arrancas en votastes. Y lo terminas con un if condicional multiple que siempre es con Milei;neu
2023-09-12T20:46:01.000Z;Gracias a Milei este tipo da clases sobre castas  q son todos ellos mismos. Alguna pregunta?  Escucho fundamentos en absoluta libertad. PD. Lo aplico a todos los politicos del partido q sean. Pero me pasaron este teacher, por eso grafico con estas fotos la desesperacion x 1 voto.;neu
2023-09-12T20:37:55.000Z;"#Caravana a La Plata  Dirigentes y militantes de La Libertad Avanza cantan ""La casta tiene miedo"", mientras Milei levanta un cartón alusivo a un billete de 100 dólares gigante con su cara";pos
2023-09-12T20:35:04.000Z;Milei será presidente y a los cag0nes que no le gusta que se vayan de este país que será gobernado con aires de libertad. No con aires de alcoholica y no con un ladrón. Fin.;pos
2023-09-12T20:34:46.000Z;Un candidato de Milei es funcionario de Massa. Sergio Raúl Vargas, consejero de Fiscalización en la Dirección de Ezeiza del organismo, encabeza la lista de La Libertad Avanza p/senadores de la provincia de Buenos Aires. trabajó años como abogado con el massista Guillermo Michel;neu
2023-09-12T20:32:39.000Z;| #InformaRED92 | #Ahora | Milei encabeza el acto de La Libertad Avanza en La Plata.;neu
2023-09-12T20:24:52.000Z;Los CJ abogan por un cambio radical en las políticas públicas y la reducción del rol del Estado en la sociedad. Su adhesión a las ideas de Milei los lleva a ser partidarios de la libertad individual, la propiedad privada y la reducción de la intervención estatal en la economía.;neu
2023-09-12T20:24:50.000Z;Esta categoría sociológica hace referencia a un grupo de adolescentes y jóvenes que han adoptado fervientemente las ideas de libertad y los discursos provocativos promovidos por el líder político y economista Javier Milei.;neu
2023-09-12T20:23:32.000Z;Para Uds @lanacionmas @lmajul @edufeiok @luisnovaresio @PRossiOficial   Dejen de mirar mal a Macri q ya aclaro muy bien su posición.  Que querían q putee a Milei ?   Majul es retorcido mal  Marina Calabro otra q dice una de cal y otra de arena.   Gente jodida …..!;neu
2023-09-12T20:22:46.000Z;"Que carita de Yunque!!! Que lejos quedaste de la mejor UCR. Afiliate al ""La Libertad de Mercado Avanza"" con Milei y sincerate. Vas a dormir mejor.";neu
2023-09-12T20:20:54.000Z;Traicionaste las ideas de la Libertad, no conforme con eso, sos detractor de la Libertad Avanza y de Milei, resulta que ahora los de cambiemos son lo mejor de lo mejor, espacio lleno de radicales dinosaurios. Te vote por el Peluca! VLLC! chau Espert;neu
2023-09-12T20:06:18.000Z;"¡¡ ""N0 C0MPREN D0LARES, C0MPREN AUTIT0S"" QUE REQUIEREN DOLARES PARA ARMAR LAS PIEZAS IMP0RTADAS !! Son patéticos genocidas que disparan deseos innecesarios. Son lascivos violadores satánicos del intelecto humano V0TA MILEI #MileiEnPrimeraVuelta";pos
2023-09-12T20:04:02.000Z;" El candidato presidencial de La Libertad Avanza, Javier #Milei, elevó formalmente un comunicado al Ejecutivo para que evalúe retrasar la presentación del #Presupuesto 2024, prevista para este viernes.";neu
2023-09-12T20:02:19.000Z;Porque se tendría que bajar? Grindetti saco un 16 y no es seguro que retengan los votos de Santilli. Sin contar con el arrastre de Milei. JxC se desangra,con suerte la pato llega al 20%;neu
2023-09-12T19:57:32.000Z;Pero no explican porque la candidatura de Javier Milei es un peligro.  Peligroso para la libertad y la democracia, son los que censuran candidatos y te obligan a votar a quienes ellos quieren. Si viviríamos en décadas pasadas ,está gente, perteneceria al Fascismo.;neg
2023-09-12T19:56:02.000Z;Porque se nos sale de los huevos, querido, y porque la libertad nos lo permite. ¿Regularias las redes para que haya que anotarse con DNI acaso?;neu
2023-09-12T19:48:45.000Z;¿Vos decís que hay aportantes truchos como  los del macrismo? Milei debería hacer como macri y comprar jueces y fiscales. Estaría comprando su libertad como hace el tano chorro.;neu
2023-09-12T19:48:04.000Z;"Milei es Massa x q La Libertad Avanza no tiene estructura a nivel nacional. el massismo oficio para regalarle votos. es x eso q salio 1ro en PASO y la razon x la q te asustaste, ya que la realidad contradijo tu ""en tirania K no hay garantia de votar""   Milei = Massa = Eurnekian.";neg
2023-09-12T19:45:52.000Z;El amor de nuestros perros es incondicional. El de la casta es condicional a los intereses. Que viva la libertad!!!! Milei, genio, en primera vuelta!;pos
2023-09-12T19:43:20.000Z;A  Milei le parece barbaro eso, le llama libertad de competir, si es presidente preparate para tenerlos en el hall de tu casa.;pos
2023-09-12T19:42:57.000Z;VIVA LA LIBERTAD CARAJO !!! TE CANTO TUS CUARENTAS JUNTOS X EL CARGO.  MILEI 2023 !! @JMilei;pos
2023-09-12T19:39:05.000Z;Milei no tiene que apoyar a nadie, los demás lo tiene que apoyar a  el.;neu
2023-09-12T19:39:03.000Z;¡Mirá cómo (no) le gusta la libertad a uno de los referentes de Milei, eh! Gente, el verdadero liberalismo, en el sentido europeo/anglosajón, está casi todo en JxC. No se dejen llevar por el canto de sirena de estos inútiles, inexpertos, veletas y conservadores rancios;neg
2023-09-12T19:35:39.000Z;" Juntos por el Cambio salió a cruzar fuerte a Milei por su pedido de demora del Presupuesto   Mario Negri y Maximiliano Ferraro polemizaron en las redes el planteo del candidato de La Libertad Avanza de posponer el tratamiento de la ley de leyes.";neg
2023-09-12T19:35:14.000Z;Nadie dice que los problemas que señala Milei no sean ciertos. Lo que no suenan acertadas son las soluciones que propone. Ni las económicas ni las institucionales. Todo amparado bajo un reclamo legítimo de libertad. Y eso es lo que repiten sin pensar sus fanboys.;neg
2023-09-12T19:33:34.000Z;La casta inventa sistemas de creencias para dominar. El común se las cree. Pero al final del camino, se dan cuenta del engaño. El peor enemigo de la casta es la palabra libre. Milei en primera vuelta.  Que viva la libertad!!!;pos
2023-09-12T19:31:11.000Z;Soy provida y el papa es un imbécil Javier Milei con Viviana Canosa- 10/11/20;neu
2023-09-12T19:26:31.000Z;JAJAJAJA KE DESIS BURRA! SI SOS PROFE, TE PAGA EL HESTADO. MILEI ASE 2 AÑOS QUE LABURA EN EL NIDO DE RATAS Y ENSIMA SORTEA EL SUELDO. SL2 CULO ROTO;neu
2023-09-12T19:25:51.000Z;VIVA LA LIBERTAD CARAJO !!! MILEI 2023 !! TE CANTO TUS CUARENTAS;pos
2023-09-12T19:25:37.000Z;Diana, si nuestros aún indecisos compatriotas tienen la fortuna de recibir esa luz de inspiración en el glorioso instante de la votación y sale Milei, tengo la sensación de que usted será la intercesora de los que van a comenzar gateando por los caminos de la libertad.;pos
2023-09-12T19:19:27.000Z;La falta de respeto que los militantes mileístas promueven hacia la humanidad está a la altura y hasta peor que la de los zurdos kirchneristas de La Cámpora.  Esos loquitos que promueve Milei son el verdadero paso hacia un totalitarismo, que atacará seriamente la libertad.;neg
2023-09-12T19:18:29.000Z;MILEI PRESIDENTE!!!¡Echa un vistazo al vídeo de la libertad avanza Sanfernando! #TikTok;pos
2023-09-12T19:17:11.000Z;No vine acá para guiar corderos, vine para despertar leones JAVIER MILEI  Los parásitos chorros hijos de mil p**** están acojonados. Claro, a lo mejor hay que hacer una auditoría a todos los estamentos, y algunos van a correr.  ¡VIVA LA LIBERTAD CARAJO! ¡VIVA ARGENTINA!;pos
2023-09-12T19:02:34.000Z;Por supuesto q sí. Le pasé información que quizá usted no tubo a tiempo antes de emitir juicios a la ligera. No solo La Libertad Avanza sabe lo q Milei dijo sobre la agenda. También lo saben otros espacios. Mondino también se pronunció en contra recientemente. Saludos desde Cba.;neu
2023-09-12T19:01:33.000Z;No les quedó casta x meternos de prepo. Nuestro candidato es solamente Javier Milei y nuestros principios no se negocian. VLLC;pos
2023-09-12T18:58:01.000Z;#CodigoBAIRES | Los candidatos a presidente y gobernadora por La Libertad Avanza (LLA), Javier Milei y Carolina Piparo, encabezarán una caravana que recorrerá las calles de La Plata, junto al candidato local Luciano Guma.;neu
2023-09-12T18:55:37.000Z;Amo lo que me hicieron llegar!! Los guerreros por la libertad. Mi especialidad sumar fiscales del país en Tiktok para nuestro futuro presidente! @JMilei #Milei  http://milei2023.com.ar;pos
2023-09-12T18:54:11.000Z;Milei desde el principio hablo de libertad de moneda. Que ella no lo haya escuchado es problema de ella y de lo poco que se informa al contestar;pos
2023-09-12T18:52:47.000Z;Viva la libertad carajoooo. MILEI PRESIDENTE;pos
2023-09-12T18:51:55.000Z;Milei lo tiene claro Este no es momento para tibios Hay que ganar la batalla a la izquierda ¡Viva España! ¡Viva la libertad!;pos
2023-09-12T18:46:02.000Z;¡Viva la libertad carajo! Javier Milei El próximo Presidente  de la querida Argentina  Javier Mi Ley Yo Mexicano hermano Latinoamericano  rindo apoyo desde  la Ciudad de México Ciudad capital infernal del pecado original  ¡Vas a ganar y la vas a romper! @JMilei  @GobiernoArgenti;pos
2023-09-12T18:43:12.000Z;Laurita no te da vergüenza hablar de libertad  de expresión con las tremendas operaciones que JxC le hace a @Milei en los medios afines? no una vez sino 24x7 durante los últimos dos meses, y cuando lo invitan una vez cada tanto los periodistas lloran modales cuando pasa factura.;pos
2023-09-12T18:39:47.000Z;Por eso hay q votar a milei y VIVA LA LIBERTAD CARAJO!!!;pos
2023-09-12T18:39:08.000Z;Mucha gente puede comprarse un auto y más ahora gracias a @SergioMassa que saco ganancias porque él si ve la realidad de la gente, no como Milei que te dice que tenés la libertad de morirte de hambre;neg
2023-09-12T18:33:38.000Z;¿SERÁ QUE PARA SER DE DERECHA TENÉS QUE SACAR PATENTE DE HDP?  Formosa: una militante de Libertad Avanza denunció a un candidato de Milei por presunto abuso sexual y acoso laboral | vía @eldestapeweb;neg
2023-09-12T18:30:11.000Z;"El candidato presidencial de La Libertad Avanza (LLA), Javier Milei, dijo que ""una empresa puede contaminar un río todo lo que quiera"", afirmó que el valor del agua es ""cero"" y propuso la apropiación de esos cauces por parte de intereses privados.";neg
2023-09-12T18:30:00.000Z;Formosa: una militante de La Libertad Avanza denunció a un candidato de Milei por presunto abuso sexual y acoso laboral   https://eldestapeweb.com/politica/el-destape-formosa/formosa-una-militante-de-libertad-avanza-denuncio-a-un-candidato-de-milei-por-abuso-sexual-y-acoso-laboral-202391213540…;neg
2023-09-12T18:26:39.000Z;Termine de leer padre rico, padre pobre y ahora tengo mas asegurado el voto a milei. Viva la libertad financiera y la educación libre. Vamosss leonn;pos
2023-09-12T18:25:38.000Z;La libertad no es un valor absoluto y no puede ejercerse sin estado. Para ayudarte con tus dudas: Milei es Cavallo con peluca pero menos inteligente por eso Mingo le esta pidiendo que hable menos en tv y mas con los perros. Espero haberte ayudado.;neg
2023-09-12T18:24:30.000Z;Peor tu jefe Milei que bloquea a todos los que tenemos pensamientos contrarios ,aunque no hayamos escrito nada !!y la libertad donde quedó? Por suerte vos no haces lo mismo,debo reconocerlo;neg
2023-09-12T18:24:22.000Z;"Milei le pide al Gobierno que no presente el Presupuesto 2024 con el argumento de que La Libertad Avanza, Juntos por el Cambio y Unión por la Patria salieron empatados en las PASO. ";neu
2023-09-12T18:21:46.000Z;Aplicar ideas liberales en un gobierno peronista no fue la mejor idea. Ahí ves porque el 2do mandato de Menem fracasó, seguían siendo peronistas. Pero Singapur que lidera el índice de libertad económica les va excelente, lo aplicaron en los 60-70 (Luego le dicen loco a Milei);neu
2023-09-12T18:21:02.000Z;Lo que también hicieron Milei y Villarruel de la libertad Rancia. Pero no los nombras.;neu
2023-09-12T18:09:25.000Z;"Ukrania  en guerra, Inflación 8% anual.  Argentina  con Socialismo Progresista Comunista 120% anual.   Javier Milei  Presidente  Sólo así la Libertad Avanza ";pos
2023-09-12T18:07:54.000Z;Argentina arriba con la LIBERTAD AVANZA y Javier Milei.;pos
2023-09-12T18:05:09.000Z;SON LO MISMO FIJATE A QUIEN VOTAS ESTA MUJER IBA A ENTREGAR LAS ISLAS MALVINAS POR VACUNAS Y DESPUÉS NOS DICEN VENDE PATRIA A NOSOTROS  SON IGUALES A LOS K  VOTA ALA VERDADERA OPCIÓN LA LIBERTAD AVANZA  MILEI PRESIDENTE VILLARRUEL VICE MONDINO CANCILLER;pos
2023-09-12T18:00:51.000Z;Jajaja vos crees que Milei aparecio de la nada?? Nunca te preguntaste quienes son la fundaciones ATLAS o Libertad??? informate;neg
2023-09-12T17:59:26.000Z;Gran medida de Milei. Primer medida como presidente electo en agosto. Si otro hubiese sido el más votado, esto no sucedía. Toda de el. La libertad avanza.;pos
2023-09-12T17:58:35.000Z;Fiscales RIO NEGRO - LA LIBERTAD AVANZA;neu
2023-09-12T17:56:06.000Z;En qué se copia de Milei??? No me digas que Milei invento la Libertad!?;neu
2023-09-12T17:53:14.000Z;La Libertad vaga.  Elecciones 2023 | Mendoza: investigan a una candidata de Milei que estaba de licencia en el trabajo por un dolor en el pie, pero hacía campaña;neg
2023-09-12T17:48:17.000Z;Milei es el Camino. Viva la Libertad.;pos
2023-09-12T17:41:00.000Z;Más de la mitad de los votantes de Milei votó a Alberto y Cristina en 2019  viva la libertad carajo;pos
2023-09-12T17:39:53.000Z;Daniel, Milei está bloqueando a todos. Acaba de bloquear a Laura Alonso y muchos más. Ella dijo q ni siquiera lo arroba ni le contesta nada, tampoco lo agrede. Lo hace por pensar diferente. Y la libertad de expresión? Un candidato a presidente que no TOLERA al q piensa diferente!;neg
2023-09-12T17:38:47.000Z;me imagino una situacion en la que la oposicion a la libertad avanza le hace una nisman a milei;pos
2023-09-12T17:34:37.000Z;No le creo. La cara de ojete que tenía cuando ganó milei no decía lo mismo.;neu
2023-09-12T17:33:58.000Z;"Ponele, pero también es hablar del partido Viva la Libertad creado en Villa Culo y confundirlo con el partido de Milei ";neu
2023-09-12T17:33:45.000Z;VIVA LA LIBERTAD CARAJOOOOO ... MILEI 2023...;pos
2023-09-12T17:33:22.000Z;Gracias Panqueque Canosa por aportar a la campaña de Milei. Viva la Libertad!!!;pos
2023-09-12T17:32:22.000Z;Milei esta lôcô;neg
2023-09-12T17:28:21.000Z;Por mi edad, 72 años, no le tengo miedo a Milei, tuve que soportar a Cámpora, Perón, Isabel,Lopez Rega, Galtieri, Viola, Rodriguez Saa, Duhalde, Néstor, Cristina, vengan de a mil...viva EEUU, viva la libertad, viva el capitalismo, viva el dólar !!!;pos
2023-09-12T17:26:57.000Z;Es que Milei es un franKetein;neg
2023-09-12T17:23:48.000Z;JAJAJAJAJA Milei es Massa.;neg
2023-09-12T17:23:12.000Z;"Macri salió a 'apoyar"" a Bullrich, teniendo que aclarar que la apoya, con todo lo que eso implica, sin agredir a Milei como especulaban. Pero Durán Barba al mismo tiempo dejó en ridículo a Arranca (JxC) con la dolarización.  No les hace ruido? ";neu
2023-09-12T17:23:05.000Z;Milei no es sinonimo de libertad !!! Es todo lo contrario, por ej atacar a los medios es de autoritario no de liberal;neg
2023-09-12T17:20:55.000Z;Porque estaba entre no votar y votar a Milei si mal no recuerdo. Aquí nadie debe mirar a un lado y deben saber que Milei si levantó la bandera de la libertad desde que salió en tv...;pos
2023-09-12T17:19:24.000Z;Cualquiera que asuma la tiene muy complicada, por eso ni los economistas de La Libertad Avanza se ponen de acuerdo. Pero Milei tiene un agravante, extrema debilidad política.;neg
2023-09-12T17:15:44.000Z;Sr. J.Milei, de mi parte doy reconocimiento a su excelente trabajo, ha sido duro y lo va a ser aun más, pero la meta lo justifica. Ánimo, se sienten vientos de libertad y progreso desde Argentina y para toda Latinoamérica.;pos
2023-09-12T17:15:20.000Z;"Te das cuenta que ni entendés la frase ""batalla cultural""? Yo que vos primero consultaría que quiso decir Milei. Porque no es lo mismo que cultura. Es el cambio de mentalidad e ideales. Volver a defender las ideas de la libertad. Abrir los ojos a las mentiras zurdas de siempre.";pos
2023-09-12T17:14:53.000Z;La libertad Acosa.  Denuncian por “acoso laboral y sexual” a un candidato de Javier Milei en Formosa;neg
2023-09-12T17:09:52.000Z;#CHACO: “#CapiRodriguez”: “Con #Milei Representamos A La Juventud Que Ya No Le Teme A La Casta Que Les Robó La #Libertad”   #NoticiasDelParana;pos
2023-09-12T17:07:00.000Z;Acá leí a muchos que odian a Milei decir que Tucker Carlson era un nazi, fascista y anti libertad. Escúchenlo. Pura coherenica.;pos
2023-09-12T17:02:52.000Z;MILEI PRESIDENTE..bardealo como quieras ..igual la gente ya lo eligió..VIVA LA LIBERTAD CARAJO..;pos
2023-09-12T17:01:03.000Z;Milei defiende la libre expresión....  Significa que los agresores no deben meterse con la libertad de expresión...  Pero yo que se el jabón se comporta raro últimamente;neg
2023-09-12T16:54:12.000Z;#Milei no le veo ningún perfil. Todo me resulta esotérico, de mal gusto, cuando no inmoral. Ni hablar de la inestabilidad emocional y sus relación con perros muertos o su candidata terraplanista. Para mi no da ni para ciudadano común.;neg
2023-09-12T16:52:54.000Z;Para que queres aumentar si la educación es un desastre, hay que tener educación de calidad y edificios de calidad, capacitar a los profesores para que enseñen y nonadoctrinen. LA LIBERTAD ESTA CERCA. MILEI PRESIDENTE;pos
2023-09-12T16:49:52.000Z;Mi postura es bastante similar, lo que me ayudó a decidir fue, primero, que mi criterio es votar ideas, y las ideas con las q más coincido son las de la libertad. 2do, fui a las propuestas concretas, Milei las tiene y son buenas en su mayoría, los otros tienen sólo slogans.;pos
2023-09-12T16:45:13.000Z;D. Eduardo, Bukele, Trump, y Milei son la gran y única  opción  para los pueblos Americanos q lo único  q desean es paz, justicia y libertad.Esa situación  s está  llevando a cabo en la UE con Polonia,Hungría, Italia, Grecia, Suecia...donde el sentido común  está  en auge;pos
2023-09-12T16:43:19.000Z;La gente está podrida de los mismos de siempre, por eso se están despertando y gracias a ello falta poco para que inicie la revolución liberal.  ¡Viva la libertad, carajo!  Es con Milei .;pos
2023-09-12T16:20:04.000Z;El mini milei . Viva la libertad carajo. Vende tus órganos para salir de pobre. .;pos
2023-09-12T16:17:05.000Z;Capi Rodríguez: Con Milei representamos a la juventud que ya no le teme a la casta que les robó la libertad;pos
2023-09-12T16:16:13.000Z;Y a donde van a mandar exiliados a los kirchneristas.  A Cuba?  Acá a Chile NO !!   Mandalos a Cuba Milei Allá está su paraíso;neu
2023-09-12T16:11:42.000Z;Siempre voy a afirmar que la batalla es contra el peronismo. Milei y Bullrich le pifiaron en elegirse enemigos.  El enemigo son las ideas peronistas que nos llevaron a ser menos que Burundi. Y los que ponen a los radicales en esta historia les estás subiendo el precio. No existen;neu
2023-09-12T16:10:54.000Z;Antes de Milei  la palabra Estado y Libertad no era popular amiga...  y antes de Milei  nadie hablaba de un capital humano...  Toma  tranki nomás:;pos
2023-09-12T16:04:55.000Z;Tal vezMei està en la misma situación de plan, la diferencia es que sè que Milei va a tomar siempre la decisión por más libertad y menos estado. Que va a hacer Pato? Dependerá de la humedad ambiente. Saldra Pato o Gallareta.;neu
2023-09-12T16:02:53.000Z;"####MILEI PRESIDENTE LIBERTAD Y DIGNIDAD PARA TODOS LOS ARGENTINOS ";pos
2023-09-12T16:02:19.000Z;"####Milei presidente libertad y dignidad para todos los Argentinos ";pos
2023-09-12T16:01:53.000Z;"###MILEI PRESIDENTE LIBERTAD Y DIGNIDAD PARA TODOS LOS ARGENTINOS ";pos
2023-09-12T16:01:16.000Z;####Tenemos una gran oportunidad para cambiar la historia de nuestro pais.  Milei presidente libertad y dignidad para todos los Argentinos   Elecciónes presidenciales Octubre  2023 .;pos
2023-09-12T15:59:15.000Z;O también: La Junta Militar “ha asumido el poder total de modo que es sólo responsable de sus actos ante Dios y la Historia”… Algo muy parecido a lo que pregonan J. Milei, A. Laje, G. Álvarez y demás políticos neofascistas disfrazados de pensadores de la libertad.;neg
